feuchter Luft	18022
feuchte Luft	11535
feuchten Kammer	8780
feuchten Boden	6286
feuchten Luft	5186
feuchte Kammer	4781
feuchtem Boden	4734
feuchter Erde	4598
feuchtem Wetter	4243
feuchter Witterung	3770
feuchten Stellen	3656
feuchte Wärme	3409
feuchte Erde	3297
feuchten Klima	3176
feuchten Augen	3042
feuchten Tropen	2510
feuchten Raum	2502
feuchten Sand	2473
feuchten Wiesen	2450
feuchtes Klima	2387
feuchten Orten	2185
feuchten Erde	1957
feuchten Leiter	1883
feuchtem Zustand	1860
feuchten Jahren	1815
feuchter Atmosphäre	1752
feuchte Klima	1734
feuchten Zustand	1701
feuchte Witterung	1688
feuchten Räumen	1653
feuchten Atmosphäre	1636
feuchten Niederungen	1636
feuchten Thermometers	1574
feuchtem Sand	1544
feuchte Hitze	1527
feuchte Augen	1525
feuchten Kammern	1478
feuchter Wärme	1431
feuchten Standorten	1400
feuchten Gegenden	1391
feuchten Bodens	1380
feuchte Rasselgeräusche	1355
feuchtem Klima	1353
feuchten Wärme	1347
feuchte Atmosphäre	1346
feuchten Raume	1336
feuchte Hände	1317
feuchten Böden	1306
feuchter Kammer	1302
feuchte Haut	1164
feuchte Kälte	1132
feuchtes Wetter	1101
feuchten Lappen	1089
feuchten Wäldern	1035
feuchten Tuch	1032
feuchten Klimas	1016
feuchter Boden	1012
feuchte Umschläge	1010
feuchten Wohnungen	1009
feuchten Gebieten	999
feuchten Leiters	983
feuchtes Rasseln	959
feuchte Stellen	942
feuchtem Sande	932
feuchten Keller	916
feuchten Tüchern	869
feuchten Jahreszeit	865
feuchten Wänden	851
feuchter Umgebung	845
feuchtes Tuch	842
feuchteres Klima	802
feuchten Händen	789
feuchte Verbände	787
feuchten Hitze	769
feuchten Witterung	760
feuchte Wohnung	738
feuchte Tücher	734
feuchten Kellern	721
feuchten Schwamm	713
feuchten Verbänden	708
feuchte Thermometer	706
feuchteren Stellen	695
feuchte Wiesen	695
feuchtem Filtrierpapier	692
feuchter Hitze	690
feuchten Leitern	680
feuchte Element	678
feuchtwarme Umschläge	672
feuchte Kammern	671
feuchten Räume	661
feuchter Leiter	650
feuchte Boden	649
feuchte Standorte	640
feuchtem Fließpapier	634
feuchten Glanz	631
feuchten Element	625
feuchte Wohnungen	615
feuchten Lippen	605
feuchten Umschlägen	602
feuchte Leiter	596
feuchtem Moos	581
feuchte Masse	571
feuchtwarmen Klima	548
feuchter Verband	543
feuchter Standorte	541
feuchten Nebel	539
feuchter Watte	538
feuchte Räume	536
feuchten Mauern	535
feuchten Klimaten	532
feuchte Zunge	526
feuchte Gras	522
feuchten Grund	514
feuchten Thermometer	511
feuchte Böden	511
feuchtem Wege	500
feuchtem Papier	498
feuchten Orte	497
feuchtwarme Luft	494
feuchte Stelle	491
feuchten Periode	489
feuchten Milieu	489
feuchten Sande	487
feuchte Wände	486
feuchten Erdboden	485
feuchtem Lehm	483
feuchten Sommer	476
feuchten Ton	475
feuchten Winde	472
feuchteren Gebieten	468
feuchter Kälte	464
feuchte Einpackungen	463
feuchtem Fliesspapier	451
feuchten Wiese	450
feuchtem Holz	441
feuchten Sägespänen	436
feuchten Untergrund	433
feuchten Kälte	432
feuchter Wind	431
feuchter Haut	429
feuchten Lehm	428
feuchtes Papier	422
feuchten Tagen	421
feuchten Standort	417
feuchten Wetter	414
feuchten Sommern	410
feuchten Schwingen	405
feuchten Oberfläche	405
feuchten Verband	404
feuchte Hand	403
feuchten Wände	400
feuchten Bedingungen	400
feuchten Rasselgeräuschen	399
feuchteren Klima	396
feuchten Stelle	396
feuchtes Moos	396
feuchter Nebel	393
feuchte Nebel	393
feuchte Oberfläche	392
feuchten Körper	392
feuchten Ort	391
feuchten Plätzen	389
feuchten Haut	388
feuchten Erdreich	386
feuchten Hände	385
feuchten Luftmassen	382
feuchtere Luft	380
feuchtes Erdreich	378
feuchten Perioden	377
feuchte Papier	376
feuchten Wohnung	370
feuchtes Holz	363
feuchte Nacht	362
feuchten Dunst	359
feuchtwarmes Klima	358
feuchte Sommer	357
feuchten Gras	356
feuchten Fingern	356
feuchte Lage	350
feuchten Flächen	349
feuchten Tropenklima	343
feuchte Wetter	340
feuchte Niederungen	339
feuchter Lage	337
feuchte Kühle	336
feuchten Schicht	335
feuchte Wiese	334
feuchten Masse	332
feuchter Sand	331
feuchte Schicht	331
feuchtes Filtrierpapier	327
feuchten Felsen	326
feuchten Gebiete	326
feuchten Haare	323
feuchte Periode	323
feuchten Kehricht	318
feuchte Stirn	318
feuchte Luftmassen	316
feuchten Tuche	315
feuchten Zone	308
feuchtwarme Klima	308
feuchte Beschaffenheit	307
feuchteren Gegenden	304
feuchten Auges	302
feuchte Substanz	302
feuchten Medium	302
feuchte Umgebung	301
feuchten Umgebung	301
feuchten Finger	300
feuchteren Standorten	293
feuchten Elemente	291
feuchten Ländern	284
feuchten Schatten	284
feuchtem Sägemehl	283
feuchte Einpackung	283
feuchter Brand	282
feuchtem Grunde	281
feuchtheißen Klima	280
feuchteren Klimas	277
feuchten Wand	276
feuchter Lagerung	276
feuchten Brand	276
feuchten Schlamm	276
feuchten Waldboden	276
feuchte Reinigung	273
feuchte Gangrän	272
feuchtwarmer Luft	270
feuchte Orte	270
feuchten Elektroden	269
feuchtem Erdreich	269
feuchten Gründen	267
feuchten Glocke	267
feuchten Schluchten	267
feuchten Einpackungen	265
feuchte Winde	263
feuchten Wald	263
feuchtem Ton	263
feuchten Rasselgeräusche	259
feuchter Unterlage	259
feuchte Erdreich	258
feuchtem Untergrund	258
feuchten Hand	258
feuchten Dünste	258
feuchten Wetters	257
feuchtes Fließpapier	256
feuchten Verbände	256
feuchten Schimmer	253
feuchte Jahre	253
feuchte Haar	252
feuchten Schichten	251
feuchten Sandes	250
feuchten Niederschläge	250
feuchten Grunde	249
feuchtes Getreide	248
feuchten Faden	246
feuchten Dünsten	245
feuchtem Getreide	244
feuchtem Raum	244
feuchten Niederung	243
feuchten Brande	242
feuchten Rasen	241
feuchte Niederung	240
feuchtwarmen Umschlägen	238
feuchten Pinsel	236
feuchten Steinen	236
feuchte Keller	234
feuchten Kompressen	234
feuchte Stärke	232
feuchtem Stroh	232
feuchte Watte	232
feuchterem Boden	231
feuchten Jahr	231
feuchtem Filtrirpapier	230
feuchte Wand	230
feuchtem Grund	230
feuchter Luftmassen	230
feuchte Gebiete	230
feuchte Tuch	230
feuchte Körper	229
feuchter Wohnungen	228
feuchte Winter	227
feuchterem Klima	226
feuchten Thälern	226
feuchten Fleck	224
feuchte Dunst	223
feuchten Oberflächen	222
feuchtem Laub	221
feuchtwarmer Witterung	220
feuchten Seewinde	219
feuchten Elements	218
feuchtes Land	218
feuchtem Milieu	218
feuchten Blättern	216
feuchte Wäsche	216
feuchte Nase	215
feuchtheiße Klima	215
feuchten Nebeln	213
feuchten Winden	212
feuchten Winter	212
feuchten Tälern	211
feuchtesten Stellen	209
feuchtem Rasseln	209
feuchten Schwamme	209
feuchte Gegenden	208
feuchte Fläche	208
feuchten Schwämmen	207
feuchten Substanz	207
feuchten Zeit	205
feuchte Schnur	204
feuchten Schleier	204
feuchten Lage	202
feuchten Fläche	202
feuchten Kleidern	202
feuchten Gasen	201
feuchten Wälder	200
feuchte Seeluft	199
feuchten Nacht	198
feuchter Glanz	197
feuchten Standorte	197
feuchte Flecken	197
feuchtwarmen Luft	196
feuchten Weiden	196
feuchten Elementes	195
feuchtes Thermometer	195
feuchten Zimmer	194
feuchten Kleider	194
feuchten Substrat	192
feuchter Böden	192
feuchter Fleck	191
feuchteren Teilen	191
feuchte Holz	191
feuchtkalte Luft	191
feuchtem Substrat	189
feuchten Jahre	189
feuchtem Auge	187
feuchten Stickstoff	187
feuchten Zonen	187
feuchtem Sandboden	186
feuchte Jahreszeit	186
feuchte Brand	186
feuchten Regionen	185
feuchten Blick	184
feuchtem Moose	183
feuchter Belag	183
feuchten Blätter	182
feuchten Unterlage	182
feuchter Leinwand	182
feuchter Jahre	181
feuchteren Jahren	181
feuchten Busch	181
feuchten Wintern	181
feuchtem Torf	181
feuchten Grase	179
feuchten Platten	179
feuchtem Mauerwerk	179
feuchten Getreides	178
feuchter Sommer	178
feuchten Tiefe	177
feuchte Sand	177
feuchtes Fliesspapier	176
feuchter Schwamm	175
feuchte Temperatur	175
feuchtem Raume	175
feuchter Körper	174
feuchten Dreck	173
feuchtwarme Witterung	173
feuchten Wolken	172
feuchtere Klima	172
feuchte Dämpfe	172
feuchtes Haar	171
feuchte Schwüle	171
feuchter Wäsche	171
feuchten Moos	171
feuchten Norden	171
feuchten Mauer	170
feuchter Beschaffenheit	170
feuchterer Luft	170
feuchter Dunst	170
feuchtem Filterpapier	169
feuchten Tropengebieten	169
feuchten Brandes	169
feuchte Sägespäne	169
feuchtem Material	169
feuchtes Milieu	168
feuchte Unterlage	168
feuchten Mulden	167
feuchten Flecken	166
feuchten Urwäldern	166
feuchtes Aufwischen	165
feuchten Jahreszeiten	165
feuchte Glanz	164
feuchteren Böden	163
feuchte Glocke	163
feuchtes Gras	162
feuchten Lehmboden	161
feuchtem Blick	161
feuchter Gaze	159
feuchtwarmem Klima	158
feuchter Elektroden	158
feuchten Kellerräumen	158
feuchteren Luft	157
feuchten Gangrän	157
feuchter Wiesen	157
feuchte Niederschlag	156
feuchteren Boden	156
feuchten Papier	156
feuchten Urwald	155
feuchten Gebiet	155
feuchten Medien	155
feuchte Mauern	154
feuchten Wattebausch	154
feuchten Zimmern	154
feuchten Höhlen	154
feuchten Kühle	154
feuchte Verband	153
feuchtes Auge	151
feuchtem Gras	151
feuchten Niederschlägen	151
feuchtem Silberoxyd	151
feuchten Zeiten	151
feuchten Auge	151
feuchten Ufer	151
feuchter Luftstrom	150
feuchten Putz	150
feuchten Beschaffenheit	149
feuchten Gewebe	149
feuchtwarmen Klimas	148
feuchte Zone	148
feuchte Niederschläge	148
feuchte Nachtluft	148
feuchte Schwämme	147
feuchten Streifen	147
feuchten Niederschlag	147
feuchter Natur	147
feuchter Glocke	147
feuchte Perioden	147
feuchte Deposition	147
feuchte Wundbehandlung	146
feuchten Kellerwohnungen	146
feuchten Blutschorf	146
feuchtes Stroh	145
feuchten Umschlag	145
feuchte Kompressen	144
feuchte Lagerung	144
feuchter Lehm	144
feuchte Wälder	144
feuchte Auge	143
feuchten Dämpfe	143
feuchten Hülle	143
feuchtes Jahr	142
feuchte Meeresluft	142
feuchten Monate	142
feuchten Ausdünstungen	141
feuchtem Thon	141
feuchtem Brot	141
feuchte Farbe	140
feuchten Sandboden	140
feuchte Elektroden	140
feuchtem Waldboden	139
feuchten Thon	139
feuchtfröhlichen Abend	138
feuchten Hauch	138
feuchte Spur	137
feuchter Zunge	136
feuchte Dünste	136
feuchtigkeitsgesättigter Luft	135
feuchten Substraten	135
feuchte Membran	135
feuchten Nächten	135
feuchten Umschläge	134
feuchter Kohlensäure	134
feuchte Behandlung	134
feuchten Gegend	134
feuchten Holzes	134
feuchten Westwinde	134
feuchtem Glanz	134
feuchten Wundbehandlung	134
feuchtem Lehmboden	134
feuchten Seeluft	134
feuchten Höhle	133
feuchter Schimmer	132
feuchten Theile	132
feuchtes Handtuch	132
feuchte Wind	132
feuchtes Sägemehl	132
feuchten Wind	132
feuchtes Weib	132
feuchter Husten	131
feuchter Oberfläche	131
feuchten Stoffen	131
feuchtheißes Klima	131
feuchtem Gelände	131
feuchten Herbst	131
feuchten Verbandes	129
feuchten Moose	129
feuchter Hand	128
feuchtheißen Tropen	128
feuchte Compressen	128
feuchten Stoff	128
feuchten Handtuch	128
feuchte Flächen	128
feuchter Gangrän	128
feuchten Mund	128
feuchten Ebenen	128
feuchte Kohle	128
feuchten Schnee	127
feuchte Membranen	127
feuchten Monaten	127
feuchte Rasseln	127
feuchter Gartenerde	127
feuchten Gräben	126
feuchten Wangen	126
feuchter Niederschlag	126
feuchten Tücher	126
feuchten Kasematten	125
feuchten Walde	125
feuchten Compressen	125
feuchte Form	125
feuchten Waschlappen	123
feuchteren Gebiete	123
feuchtem Sauerstoff	123
feuchte Packungen	123
feuchtem Heu	122
feuchtem Schlamm	121
feuchten Dampf	121
feuchten Lande	121
feuchtem Erdboden	121
feuchte Rhonchi	121
feuchtem Terrain	120
feuchtem Finger	120
feuchten Schleimhaut	120
feuchten Subtropen	119
feuchten Bereich	119
feuchten Teilen	119
feuchte Platte	118
feuchten Frühjahr	118
feuchtem Standort	118
feuchtes Grab	117
feuchte Kleidung	117
feuchten Form	117
feuchtem Tuch	117
feuchten Kerker	116
feuchten Einpackung	116
feuchte Nahrung	116
feuchteren Regionen	116
feuchten Waldstellen	116
feuchte Zeit	116
feuchtes Material	116
feuchten Gewölbe	115
feuchtere Standorte	114
feuchten Zelle	114
feuchten Waldungen	114
feuchten Loch	114
feuchten Seite	113
feuchten Löchern	113
feuchter Verbände	112
feuchten Proben	111
feuchten Teile	111
feuchten Materials	111
feuchter Keller	111
feuchten Schwammes	111
feuchten Seeklima	111
feuchtwarmem Wetter	111
feuchten Fadens	110
feuchten Dämpfen	110
feuchten Körpers	110
feuchtes Substrat	109
feuchte Kompresse	108
feuchter Wohnung	108
feuchte Getreide	108
feuchten Zellen	107
feuchte Schnauze	107
feuchten Holz	107
feuchte Plätze	107
feuchten Ebene	106
feuchten Wiesengrund	106
feuchten Thäler	106
feuchten Körpern	106
feuchtem Verband	106
feuchtwarmen Tropen	105
feuchten Teil	105
feuchter Aufbewahrung	105
feuchtwarme Ueberschläge	104
feuchten Gase	104
feuchtes Gelände	104
feuchte Tiefe	104
feuchten Membranen	104
feuchte Tage	103
feuchte Aussprache	103
feuchteren Bedingungen	103
feuchten Präparat	103
feuchten Gases	103
feuchten Torf	103
feuchtes Loch	102
feuchte Abreibungen	102
feuchter Jahreszeit	102
feuchten Substanzen	101
feuchtkaltem Wetter	101
feuchten Häusern	101
feuchten Schwämme	101
feuchtes Laub	101
feuchte Lappen	100
feuchter Umschläge	100
feuchtem Räume	100
feuchte Land	99
feuchten Tage	99
feuchte Klimate	99
feuchten Baum	99
feuchte Gase	99
feuchtkalte Witterung	99
feuchten Temperatur	98
feuchten Wimpern	98
feuchten Kellerwohnung	98
feuchtes Brot	98
feuchten Glanze	98
feuchten Schnur	98
feuchter Baumwolle	98
feuchtem Schwamm	98
feuchte Compresse	98
feuchter Stellen	98
feuchten Gewölben	97
feuchter Stärke	97
feuchter Umschlag	97
feuchten Waldes	97
feuchtem Holze	96
feuchter Standort	96
feuchten Jahrgängen	96
feuchte Höhle	96
feuchtem Wasserstoff	96
feuchten Massen	96
feuchten Kompresse	96
feuchten Kasten	96
feuchten Watten	95
feuchten Atem	95
feuchte Moos	95
feuchten Zunge	95
feuchten Haaren	95
feuchten Tuches	95
feuchten Eichen	94
feuchter Kleidung	94
feuchter Wände	94
feuchten Gründe	94
feuchtem Löschpapier	94
feuchten Straßen	94
feuchtes Abreiben	93
feuchten Nachtluft	93
feuchte Schleimhaut	93
feuchter Schnee	93
feuchten Charakter	92
feuchten Packungen	92
feuchter Stelle	92
feuchte Weib	92
feuchter Wälder	92
feuchte Flecke	92
feuchtem Dampf	92
feuchten Umgebungen	92
feuchtheißen Klimas	92
feuchte Packung	91
feuchtes Stück	91
feuchtwarmen Gebieten	91
feuchten Garten	91
feuchten Probe	91
feuchtem Schnee	91
feuchten Geweben	91
feuchte Lehm	90
feuchter Ton	90
feuchten Papiers	90
feuchten Geruch	90
feuchten Luftströmungen	90
feuchtem Untergrunde	90
feuchte Weiden	89
feuchte Material	89
feuchtem Sphagnum	89
feuchtes Medium	89
feuchtem Glanze	89
feuchten Tupfern	89
feuchtwarmer Umschläge	89
feuchtwarme Atmosphäre	89
feuchten Läppchen	89
feuchten Humus	89
feuchtem Leiter	88
feuchte Pappe	88
feuchten Pflaster	88
feuchtes Lackmuspapier	88
feuchtglänzenden Augen	88
feuchten Beton	88
feuchten Sägespähnen	88
feuchtem Medium	88
feuchten Gegenständen	88
feuchte Elektrode	87
feuchten Bodenschichten	87
feuchtem Dunst	87
feuchter Untergrund	86
feuchten Bodenarten	86
feuchter Lappen	86
feuchten Laub	86
feuchten Schwüle	85
feuchtes Pulver	85
feuchter Raum	85
feuchte Asepsis	85
feuchte Mauer	85
feuchte Ebene	85
feuchte Wickel	84
feuchten Localitäten	84
feuchte Natur	84
feuchten Duft	84
feuchten Wegen	84
feuchte Dunkel	84
feuchten Steine	83
feuchte Gebiet	83
feuchte Zustand	83
feuchten Substrate	83
feuchter Schlamm	83
feuchten Morgen	83
feuchter Dampf	83
feuchte Träume	83
feuchtem Leder	83
feuchten Theilen	83
feuchten Stein	82
feuchten Lokalitäten	82
feuchte Blätter	82
feuchten Urwälder	82
feuchte Leinwand	82
feuchter Hauch	82
feuchteren Jahreszeit	82
feuchte Wolle	82
feuchten Staub	81
feuchten Natur	81
feuchtes Aussehen	81
feuchtverklärte Blau	81
feuchter Wald	81
feuchter Gebiete	81
feuchtwarmen Atmosphäre	81
feuchter Mauern	80
feuchteren Perioden	80
feuchten Nase	80
feuchtes Element	80
feuchtkalter Witterung	80
feuchten Luftschichten	80
feuchten Raumes	79
feuchten Verfahren	79
feuchtes Löschpapier	79
feuchtes Fibrin	79
feuchteren Teil	79
feuchte Lippen	79
feuchten Sachen	79
feuchten Gelände	79
feuchten Täler	79
feuchtes Gas	79
feuchten Ufern	79
feuchten Handflächen	78
feuchten Asphalt	78
feuchtes Zimmer	78
feuchten Fäden	78
feuchten Verhältnissen	78
feuchten Osten	78
feuchten Präparaten	78
feuchtere Atmosphäre	77
feuchter Steine	77
feuchten Baume	77
feuchte Erdboden	77
feuchte Luftströmungen	77
feuchter Herbst	77
feuchten Mörtel	77
feuchten Westen	77
feuchte Decke	77
feuchte Seeklima	77
feuchter Form	76
feuchte Bedingungen	76
feuchtes Abwischen	76
feuchten Sommers	76
feuchte Wange	76
feuchten Thale	76
feuchtes Mauerwerk	76
feuchte Milieu	76
feuchten Tupfer	76
feuchten Süd	76
feuchtwarmen Gegenden	76
feuchtes Haus	76
feuchten Husten	75
feuchten Himmel	75
feuchte Luftschicht	75
feuchte Zimmer	74
feuchten Gewächshaus	74
feuchtere Periode	74
feuchten Präparate	74
feuchten Decken	74
feuchteren Norden	74
feuchten Compresse	74
feuchten Süden	74
feuchteren Periode	74
feuchten Untergrundes	74
feuchte Gegend	74
feuchten Schwämmchen	74
feuchtes Wundmilieu	74
feuchten Iahreszeit	74
feuchten Abend	73
feuchtes Frühjahr	73
feuchtheißen Gebieten	73
feuchtere Stellen	73
feuchte Gaze	73
feuchte Salz	73
feuchte Stoffe	73
feuchten Bergwäldern	73
feuchten Sauerstoff	72
feuchten Clima	72
feuchten Meeresluft	72
feuchter Winter	72
feuchten Strähnen	72
feuchter Grund	72
feuchten Feldern	72
feuchten Bogen	72
feuchteren Teile	72
feuchtfröhlicher Stimmung	72
feuchteren Zeit	72
feuchteren Zeiten	72
feuchter Wiese	72
feuchten Flußniederungen	72
feuchte Laken	72
feuchte Rippenfellentzündung	72
feuchten Schnauze	72
feuchtem Torfmull	71
feuchten Elektrode	71
feuchten Grün	71
feuchtkalter Luft	71
feuchtes Gesicht	71
feuchten Pampa	71
feuchten Standortes	71
feuchten Wege	71
feuchter Faden	71
feuchtem Nebel	71
feuchte Ware	70
feuchten Luftstrom	70
feuchten Graben	70
feuchten Tropenwäldern	70
feuchten Ställen	70
feuchter Klimate	70
feuchter Substanz	70
feuchte Streifen	70
feuchten Wäsche	70
feuchter Blick	70
feuchte Blase	69
feuchten Stirn	69
feuchten Laken	69
feuchte Blick	69
feuchtwarmen Tropenklima	69
feuchtes Gewebe	69
feuchten Bereichen	69
feuchten Abhängen	69
feuchte Grab	68
feuchtere Gebiete	68
feuchten Dunstes	68
feuchte Dämmerung	68
feuchte Weite	68
feuchte Thon	68
feuchter Kammern	68
feuchtes Futter	68
feuchtem Rasen	67
feuchten Träume	67
feuchten Iahren	67
feuchten Kuss	67
feuchten Schmutz	67
feuchten Erdbodens	67
feuchteren Zonen	67
feuchtem Lappen	66
feuchten Bäumen	66
feuchte Gewebe	66
feuchtere Böden	66
feuchtes Heu	66
feuchten Bodenverhältnissen	66
feuchten Küssen	66
feuchten Biotopen	66
feuchten Luftmasse	66
feuchten Seewinden	65
feuchte Seewinde	65
feuchten Luftschicht	65
feuchte Asche	65
feuchte Stroh	65
feuchter Gase	65
feuchte Ackererde	65
feuchter Winde	65
feuchten Klimazonen	65
feuchte Einwicklungen	65
feuchte Gesicht	65
feuchte Präparate	65
feuchten Tiefland	65
feuchtem Lande	65
feuchtheißem Klima	64
feuchtes Fleisch	64
feuchten Farben	64
feuchte Warmluft	64
feuchten Umhüllung	64
feuchte Platten	64
feuchter Gegenden	64
feuchte Substrat	64
feuchte Fleck	64
feuchten Pflanzen	63
feuchten Handtüchern	63
feuchten Spiegel	63
feuchte Laub	63
feuchten Tropenländern	63
feuchten Platz	63
feuchten Kellerraum	63
feuchten Scheiben	63
feuchtem Haar	63
feuchten Hängen	63
feuchten Gestein	63
feuchte Ausdünstung	63
feuchte Luftschichten	62
feuchtfröhlicher Runde	62
feuchte Monate	62
feuchten Tropengegenden	62
feuchten Frühling	62
feuchtwarmen Umschläge	62
feuchte Oberflächen	62
feuchte Variante	62
feuchten Schleimhäuten	62
feuchteren Klimaten	62
feuchteren Standort	62
feuchter Orte	61
feuchten Küstengebieten	61
feuchten Rand	61
feuchte Geräusche	61
feuchten Mauerwerk	61
feuchten Klumpen	61
feuchten Land	61
feuchten Stufen	61
feuchter Zustand	61
feuchter Wolle	61
feuchten Haar	61
feuchtigkeitsgesättigte Luft	61
feuchtem Chlor	60
feuchtwarmen Witterung	60
feuchter Meeresluft	60
feuchte Schnittfläche	60
feuchten Senke	60
feuchtes Gebiet	60
feuchten Wasser	60
feuchten Dunkel	60
feuchten Stuben	60
feuchte Schnee	60
feuchte Zelle	60
feuchteren Orten	60
feuchtesten Gegenden	59
feuchtem Gestein	59
feuchtem Beton	59
feuchtschimmernden Augen	59
feuchte Mondesstrahlen	59
feuchtem Thermometer	59
feuchte Gas	59
feuchte Hülle	59
feuchtes Filterpapier	59
feuchten Küsten	59
feuchter Niederungen	59
feuchte Steine	59
feuchte Gegenstände	58
feuchten Küstenklima	58
feuchter Tag	58
feuchten Brei	58
feuchten Lehms	58
feuchten Platte	58
feuchten Mantel	58
feuchten Straße	58
feuchten Glocken	58
feuchtem Staub	58
feuchte Gelände	58
feuchte Finger	58
feuchter Kohle	58
feuchten Erdreiche	57
feuchten Rasseln	57
feuchten Schlucht	57
feuchten Belag	57
feuchten Dunkelheit	57
feuchtere Bedingungen	57
feuchten Behandlung	57
feuchte Spuren	57
feuchten Vertiefungen	57
feuchten Fußboden	57
feuchten Blase	57
feuchten Landstrichen	56
feuchtes Filter	56
feuchte Tropenklima	56
feuchteren Osten	56
feuchte Leder	56
feuchten Gruben	56
feuchte Luftstrom	56
feuchte Präparat	56
feuchte Grün	56
feuchteren Seite	56
feuchten Tropenwälder	56
feuchtem Orte	56
feuchtkalte Wetter	55
feuchtesten Teilen	55
feuchtwarmen Klimaten	55
feuchten Waldwiesen	55
feuchten Farbe	55
feuchten Waldgebieten	55
feuchte Raumluft	55
feuchte Grund	55
feuchtes Leder	55
feuchte Binde	55
feuchte Untergrund	55
feuchten Winkel	54
feuchter Temperatur	54
feuchte Seite	54
feuchte Wald	54
feuchten Substrates	54
feuchten Mooses	54
feuchten Schoß	54
feuchten Schwaden	54
feuchtes Wischen	54
feuchtes Tropenklima	54
feuchter Pappe	54
feuchten Gang	54
feuchte Blatt	54
feuchte Tropen	54
feuchten Landschaften	54
feuchten Material	54
feuchten Fliesspapiers	54
feuchten Säcken	54
feuchtes Filtrirpapier	54
feuchten Glasglocke	54
feuchten Acker	54
feuchten Nächte	53
feuchten Händedruck	53
feuchten Milieus	53
feuchtwarmer Umschlag	53
feuchte Schichten	53
feuchte Frühjahr	53
feuchten Samen	53
feuchten Lager	53
feuchte Jahr	53
feuchtem Schimmer	53
feuchte Ton	53
feuchten Niederschlages	53
feuchten Bett	53
feuchtwarmes Wetter	53
feuchte Straße	53
feuchten Wandungen	53
feuchten Felswänden	53
feuchtere Verhältnisse	53
feuchter Tücher	53
feuchten Laubwäldern	53
feuchten Kulturen	53
feuchteren Standorte	52
feuchtem Mörtel	52
feuchten Stroh	52
feuchten Grotten	52
feuchten Höhen	52
feuchten Traum	52
feuchten Wolke	52
feuchten Bergwälder	52
feuchter Sägespäne	52
feuchte Erdschicht	52
feuchten Kerkern	52
feuchte Küsse	52
feuchte Einwicklung	52
feuchter Asche	52
feuchten Verbande	52
feuchter Nahrung	52
feuchte Rückstand	52
feuchtwarmer Atmosphäre	52
feuchte Gelatine	52
feuchtkalten Luft	52
feuchtigkeitsliebenden Arten	52
feuchte Gartenerde	52
feuchtheiße Luft	52
feuchten Savannen	51
feuchte Kellerwohnungen	51
feuchten Ufersand	51
feuchten Betten	51
feuchte Handtücher	51
feuchtes Taschentuch	51
feuchte Dampf	51
feuchten Wickel	50
feuchte Zimmerluft	50
feuchten Papieres	50
feuchte Schlamm	50
feuchteren Niederungen	50
feuchten Wohnräumen	50
feuchten Erdreichs	50
feuchten Membran	50
feuchten Tag	50
feuchten Terrain	50
feuchtkaltes Klima	50
feuchten England	50
feuchte Probe	50
feuchten Schlammes	50
feuchtwarme Einpackungen	49
feuchten Nordwesten	49
feuchte Schleier	49
feuchte Fäden	49
feuchter Dünste	49
feuchte Kohlensäure	49
feuchten Dunste	49
feuchten Taschentuch	49
feuchtesten Monate	49
feuchter Geruch	49
feuchtheißen Niederungen	48
feuchten Schmelz	48
feuchtem Grase	48
feuchten Waldbodens	48
feuchtem Stoff	48
feuchten Kellergeschosse	48
feuchter Räume	48
feuchter Kompressen	48
feuchten Fließpapier	48
feuchte Eichen	48
feuchter Niederschläge	48
feuchten Gebirge	48
feuchte Einwickelungen	48
feuchten Küstengegenden	48
feuchte Filter	48
feuchten Grundes	48
feuchten Flügel	48
feuchten Kuß	48
feuchte Geruch	47
feuchten Materialien	47
feuchten Gürtel	47
feuchten Felder	47
feuchten Rändern	47
feuchten Klimabedingungen	47
feuchten Leder	47
feuchte Gründe	47
feuchten Klimate	47
feuchten Kohle	47
feuchte Gewölbe	47
feuchte Waldboden	47
feuchter Kellerluft	47
feuchtfröhlicher Abend	47
feuchtkalten Klima	47
feuchtem Gas	47
feuchten Blicke	47
feuchtkaltes Wetter	47
feuchte Atem	47
feuchte Warme	47
feuchtfröhliche Stimmung	46
feuchter Glut	46
feuchtes Grün	46
feuchtwarme Luftmassen	46
feuchten Tropenklimas	46
feuchten Region	46
feuchteren Atmosphäre	46
feuchten Klamotten	46
feuchten Wiesengründen	46
feuchter Duft	46
feuchten Wickeln	46
feuchten Grabe	46
feuchten Einwicklungen	46
feuchtem Tropenklima	46
feuchten Moor	46
feuchte Luftmasse	46
feuchten Schlamme	46
feuchten Gas	46
feuchter Gegenstände	46
feuchten Strand	45
feuchten Jahres	45
feuchten Regenwald	45
feuchten Decke	45
feuchter Behandlung	45
feuchten Weg	45
feuchtkühle Witterung	45
feuchter Windzug	45
feuchte Kellerwohnung	45
feuchter Traum	45
feuchte Wohnräume	45
feuchtwarmen Luftmassen	44
feuchte Handflächen	44
feuchten Blicken	44
feuchte Gänge	44
feuchten Partien	44
feuchtwarme Temperatur	44
feuchte Hauch	44
feuchten Sommermonaten	44
feuchtem Futter	44
feuchten Westwinden	44
feuchten Grab	44
feuchten Filtrierpapiers	44
feuchten Zustandes	44
feuchter Schleier	44
feuchten Ausdünstung	44
feuchten Blickes	44
feuchte Kellerluft	44
feuchten Kellerloch	44
feuchte Lokalitäten	44
feuchter Thon	44
feuchte Mulden	44
feuchtes Mehl	43
feuchtes Blatt	43
feuchte Füße	43
feuchten Holze	43
feuchten Ecken	43
feuchten Kalk	43
feuchten Gängen	43
feuchter Brei	43
feuchten Landes	43
feuchter Stirn	43
feuchtere Gegenden	43
feuchten Nebels	43
feuchtere Perioden	43
feuchterer Atmosphäre	43
feuchten Stallungen	43
feuchten Reinigung	43
feuchten Winters	43
feuchten Grube	43
feuchten Niederschlage	42
feuchten Tropenluft	42
feuchten Flecke	42
feuchte Gestein	42
feuchtem Stein	42
feuchte Pulver	42
feuchten Urwaldes	42
feuchten Rücken	42
feuchtere Witterung	42
feuchte Schimmer	42
feuchtem Pinsel	42
feuchte Wolken	41
feuchter Masse	41
feuchttropischen Klima	41
feuchtem Winter	41
feuchte Thäler	41
feuchtem Thonboden	41
feuchte Schwämmchen	41
feuchten Bodenstellen	41
feuchten Südwinde	41
feuchte Löcher	41
feuchterer Standorte	41
feuchte Rinde	41
feuchten Abendluft	40
feuchte Finsternis	40
feuchten Grases	40
feuchtes Gemenge	40
feuchten Auen	40
